{
  "args": {
    "a_1": -1.4420462092534612,
    "a_2": 0.7807648990802813,
    "a_3": 0.7649930094505422,
    "a_4": -0.7781440417151835,
    "a_5": 1.2719686812059687,
    "a_6": -1.190749304120024,
    "b_1": 0.5719548842516815,
    "b_2": 0.1390226949119877,
    "b_3": 0.7771273217654899,
    "b_4": 1.3861444149182498,
    "b_5": -1.2662441025806035,
    "b_6": 1.99269900029813,
    "x_0": 0.47740402956826,
    "x_max": -0.5044186085491004,
    "x_min": -1.1916470834732689,
    "y_0": 0.15935091668849566,
    "y_max": 0.9086346670095706,
    "y_min": 0.21429507798338387
  },
  "created_at_utc": "2026-03-07T04:32:09Z",
  "hash": "AQIDBAUGBwgJEBESExQVFgECAwQFBgcICRAREtNdX0WWE7TuAcKlnkYDjrM6F-A7bi4zy9sEW0N7nP8HPA-nV2sBP_l27UVxXGyJc7cU8sMVeLuV_7RXBVL_VglIq-0xY0w5_e1GvsusCnCfm9zGXTza8rxgVFyzoUIl8wFajhE79ZXMgpjLGN5axmzntljO6cqz-x6laDlpIHm1KYH43HvmuwLX8rMkl1e6LSxQOU4tywyzdtjgiCFWS8aiEcEc-ipV3sWflEaiHDEau6FjRorjxOAUgN7oaVmdGcspnitgfnTZdScMNDR2Jjcy0mFICp0XV3KbQZ2CnknakHcNKTmzHv4KGsWSN2F2VwlIZydwP88w43_4yhWcGMYATOJ1FiIuYdBnNcp0G84O4YF0-ve2rihu1h3gXh-z3vY8qaHptXeee-QFIDrS5Arzx40WK8_T8FOJjT4njp6e0gg7iBqOUT4zpATfRt2TH7Sat0M7CA6MGlE80dcbVg5VOxpvZbKErjER6sC7lw7T7JMb8FauuZrp21kzHmgcJ1p0QZXj1AKkkqwyD1TxYVF94rInoMaGhQD45BmJskSyEn5LiAISmThxGgZzDvAQ9AG7kw6GNYMpbQSoxDifaUjWm7onAJXwj-gMyg==",
  "output_file": "cover.png",
  "render_config": {
    "background_color": "#FFFFFF",
    "bottom_padding": 0.05,
    "cmap": "Blues",
    "density": 15,
    "flip": false,
    "height": 476,
    "left_padding": 0.35,
    "max_iterations": 100000000,
    "right_padding": 0.35,
    "top_padding": 0.05,
    "width": 690
  },
  "schema": "blog-cover-gen.json-payload.v1",
  "variant": "normal"
}